                  epoch,         train/box_loss,         train/cls_loss,         train/dfl_loss,   metrics/precision(B),      metrics/recall(B),       metrics/mAP50(B),    metrics/mAP50-95(B),           val/box_loss,           val/cls_loss,           val/dfl_loss,                 lr/pg0,                 lr/pg1,                 lr/pg2
                      1,                0.94786,                 4.2992,                0.98361,                0.00095,                0.08185,                0.01176,                0.01011,                0.69386,                 4.0599,                 0.8442,             0.00012726,             0.00012726,             0.00012726
                      2,                0.76489,                 3.1275,                0.86702,                0.00513,                0.31096,                0.19222,                 0.1403,                0.69843,                 3.7824,                0.83518,             0.00026335,             0.00026335,             0.00026335
                      3,                0.79871,                 2.0345,                0.86756,                0.01334,                0.72905,                 0.3311,                0.24546,                0.72621,                 3.4372,                0.85084,             0.00039917,             0.00039917,             0.00039917
                      4,                0.73502,                 1.6109,                0.85163,                0.01323,                0.75243,                0.49843,                0.38447,                0.74505,                 3.3579,                0.91377,             0.00053472,             0.00053472,             0.00053472
                      5,                0.69893,                 1.2705,                0.84635,                0.79203,                0.25848,                0.79227,                  0.645,                0.69023,                 2.5587,                0.85212,                0.00067,                0.00067,                0.00067
                      6,                0.73867,                 1.0805,                0.86001,                0.98132,                0.54673,                 0.9505,                0.76991,                0.71132,                 2.1189,                0.86558,             0.00080501,             0.00080501,             0.00080501
                      7,                 0.7413,                0.92804,                0.86839,                0.92576,                0.80053,                0.93966,                0.76335,                 0.7723,                 1.7401,                0.88716,              0.0009036,              0.0009036,              0.0009036
                      8,                 0.6876,                0.82864,                0.85394,                 0.9103,                0.93847,                0.95712,                 0.7985,                0.69923,                 1.2693,                0.86663,              0.0009036,              0.0009036,              0.0009036
                      9,                0.68963,                0.78709,                 0.8504,                0.93234,                0.96988,                 0.9602,                0.81442,                0.66834,                 1.1037,                0.85429,              0.0009027,              0.0009027,              0.0009027
                     10,                0.67656,                0.77321,                0.84498,                0.92012,                 0.9809,                0.98639,                0.84009,                0.65076,                0.72214,                0.86451,              0.0009018,              0.0009018,              0.0009018
                     11,                0.64807,                0.69977,                 0.8535,                0.96714,                0.96327,                0.98643,                0.83983,                  0.659,                0.69235,                0.86383,              0.0009009,              0.0009009,              0.0009009
                     12,                0.66723,                0.66223,                0.84916,                0.93341,                0.98819,                0.98143,                 0.8246,                0.66117,                0.84737,                0.86324,                 0.0009,                 0.0009,                 0.0009
                     13,                0.62842,                0.66792,                0.84076,                0.92251,                0.98147,                 0.9818,                0.83696,                0.65717,                0.66591,                0.85222,              0.0008991,              0.0008991,              0.0008991
                     14,                0.66218,                0.65151,                0.84559,                0.95119,                0.98701,                 0.9872,                0.85357,                0.62151,                0.58926,                0.84694,              0.0008982,              0.0008982,              0.0008982
                     15,                0.63154,                0.62652,                0.84853,                0.97312,                0.97592,                0.99452,                0.85211,                0.63727,                0.57853,                0.84582,              0.0008973,              0.0008973,              0.0008973
                     16,                0.64579,                0.63511,                0.84463,                0.98285,                0.97894,                0.99475,                0.85366,                0.62056,                0.54631,                0.84703,              0.0008964,              0.0008964,              0.0008964
                     17,                0.64373,                0.62429,                0.84752,                0.98074,                0.98051,                 0.9942,                0.86295,                0.61508,                0.57564,                0.84557,              0.0008955,              0.0008955,              0.0008955
                     18,                0.61752,                0.60863,                0.85047,                0.97784,                0.97306,                0.99376,                0.86368,                0.60503,                0.53244,                0.84717,              0.0008946,              0.0008946,              0.0008946
                     19,                0.62536,                0.56996,                0.84077,                0.97423,                0.98502,                  0.995,                0.86878,                0.61005,                0.51595,                0.84681,              0.0008937,              0.0008937,              0.0008937
                     20,                0.63243,                0.60779,                0.84986,                0.98014,                0.99097,                0.99474,                0.85986,                0.60921,                0.51099,                0.85053,              0.0008928,              0.0008928,              0.0008928
                     21,                0.61351,                 0.6374,                0.84647,                0.97456,                 0.9923,                  0.995,                0.85899,                0.59592,                0.49348,                0.84456,              0.0008919,              0.0008919,              0.0008919
                     22,                0.61348,                0.55157,                0.83532,                0.99082,                0.99156,                  0.995,                0.86708,                0.59525,                0.48286,                0.84986,               0.000891,               0.000891,               0.000891
                     23,                0.59913,                0.55247,                 0.8362,                0.97751,                0.98702,                0.99475,                0.87761,                0.57215,                0.47282,                0.84013,              0.0008901,              0.0008901,              0.0008901
                     24,                0.60131,                 0.5635,                0.84887,                0.99301,                0.99084,                  0.995,                0.86321,                0.59566,                0.46411,                0.85733,              0.0008892,              0.0008892,              0.0008892
                     25,                0.61181,                0.56704,                 0.8393,                0.97266,                0.99262,                0.99351,                0.86348,                0.59092,                0.47179,                0.84636,              0.0008883,              0.0008883,              0.0008883
                     26,                0.60245,                0.52741,                0.83603,                0.97869,                0.98753,                0.99261,                0.86783,                0.57457,                0.45513,                0.83965,              0.0008874,              0.0008874,              0.0008874
                     27,                0.59377,                0.52527,                0.83252,                0.99428,                0.99245,                  0.995,                0.87481,                0.57004,                0.43348,                0.84193,              0.0008865,              0.0008865,              0.0008865
                     28,                 0.6158,                0.53486,                0.83971,                0.99285,                0.99143,                  0.995,                0.87542,                0.56266,                0.43702,                0.84025,              0.0008856,              0.0008856,              0.0008856
                     29,                0.61407,                 0.5185,                0.84785,                0.99297,                0.98943,                  0.995,                0.87185,                0.59218,                0.43573,                0.84634,              0.0008847,              0.0008847,              0.0008847
                     30,                0.58246,                0.53442,                0.83951,                0.97787,                0.99269,                  0.995,                0.86695,                0.59149,                0.43955,                0.84638,              0.0008838,              0.0008838,              0.0008838
                     31,                0.60951,                0.52158,                0.83515,                0.98864,                0.98076,                0.99475,                0.86191,                0.60689,                0.46752,                 0.8519,              0.0008829,              0.0008829,              0.0008829
                     32,                 0.5855,                0.49646,                0.83416,                0.97547,                0.99461,                0.99393,                0.86639,                0.56812,                0.43744,                0.83956,               0.000882,               0.000882,               0.000882
                     33,                0.59389,                0.48998,                0.84117,                0.98514,                0.98887,                0.98979,                 0.8717,                0.56753,                0.44805,                 0.8338,              0.0008811,              0.0008811,              0.0008811
                     34,                0.60434,                0.50773,                0.83957,                0.98916,                0.98885,                  0.995,                  0.872,                0.57073,                0.41905,                 0.8341,              0.0008802,              0.0008802,              0.0008802
                     35,                0.55233,                0.62182,                0.83986,                 0.9847,                 0.9889,                0.99429,                0.87188,                0.57163,                0.42641,                0.84013,              0.0008793,              0.0008793,              0.0008793
                     36,                0.59097,                0.49727,                0.84135,                0.98109,                0.99198,                0.99429,                0.86828,                0.57215,                0.45229,                0.83925,              0.0008784,              0.0008784,              0.0008784
                     37,                0.56337,                0.53362,                0.83265,                0.98339,                0.98943,                0.99464,                0.86908,                0.57133,                0.42309,                0.84042,              0.0008775,              0.0008775,              0.0008775
                     38,                0.61599,                0.51151,                0.84952,                0.98186,                0.98683,                0.99464,                0.88226,                0.54648,                0.43595,                0.83209,              0.0008766,              0.0008766,              0.0008766
                     39,                 0.5912,                 0.4794,                 0.8405,                0.98503,                0.98972,                0.99429,                0.88591,                0.54515,                0.40878,                0.82557,              0.0008757,              0.0008757,              0.0008757
                     40,                0.58739,                0.50308,                0.84529,                0.98558,                 0.9867,                0.99464,                0.87955,                0.55054,                0.40259,                0.82894,              0.0008748,              0.0008748,              0.0008748
                     41,                0.59037,                 0.4653,                0.82889,                0.98777,                0.98938,                0.99279,                0.87229,                0.55025,                 0.4362,                0.83518,              0.0008739,              0.0008739,              0.0008739
                     42,                0.58269,                0.47819,                0.83886,                0.97624,                0.99286,                  0.995,                0.88477,                0.53276,                0.41414,                0.82741,               0.000873,               0.000873,               0.000873
                     43,                0.58999,                0.47188,                0.83982,                0.97643,                0.99731,                0.99429,                0.88428,                0.54662,                0.38836,                0.82845,              0.0008721,              0.0008721,              0.0008721
                     44,                0.58476,                0.46433,                0.84077,                0.98077,                0.99466,                0.99464,                0.88795,                0.54768,                0.39281,                0.82561,              0.0008712,              0.0008712,              0.0008712
                     45,                0.59284,                0.46562,                0.82946,                0.97606,                0.99486,                  0.995,                0.88979,                0.54931,                0.38261,                0.82397,              0.0008703,              0.0008703,              0.0008703
                     46,                0.55978,                0.43985,                0.83314,                0.97472,                0.99084,                  0.995,                0.88062,                0.55857,                0.40902,                0.83528,              0.0008694,              0.0008694,              0.0008694
                     47,                0.58502,                0.46683,                0.84435,                0.98199,                0.98514,                0.99279,                0.87333,                0.56731,                0.40107,                0.83827,              0.0008685,              0.0008685,              0.0008685
                     48,                0.56832,                  0.452,                0.83123,                0.98289,                0.98322,                  0.989,                0.87011,                 0.5575,                0.41317,                0.83241,              0.0008676,              0.0008676,              0.0008676
                     49,                0.57715,                0.43422,                0.82608,                0.98326,                0.99409,                0.99314,                0.88412,                 0.5488,                0.37722,                0.82906,              0.0008667,              0.0008667,              0.0008667
                     50,                0.57284,                0.45526,                 0.8495,                0.98652,                0.98917,                0.99464,                0.88307,                0.54396,                0.38385,                0.82837,              0.0008658,              0.0008658,              0.0008658
                     51,                0.56054,                0.44525,                 0.8347,                0.98664,                0.98422,                  0.995,                 0.8849,                0.52346,                0.37598,                0.82171,              0.0008649,              0.0008649,              0.0008649
                     52,                0.57897,                 0.4387,                0.84364,                0.98248,                0.98417,                  0.995,                0.87933,                0.53493,                0.36954,                0.82456,               0.000864,               0.000864,               0.000864
                     53,                0.54436,                0.41901,                0.83232,                0.98189,                0.99362,                0.99429,                0.89144,                0.52576,                0.36371,                0.82005,              0.0008631,              0.0008631,              0.0008631
                     54,                0.53506,                0.41327,                0.82383,                0.99113,                0.98839,                  0.995,                0.88696,                 0.5331,                0.37141,                0.82599,              0.0008622,              0.0008622,              0.0008622
                     55,                0.54717,                0.42532,                0.82565,                0.98783,                0.99292,                0.99429,                0.88438,                 0.5389,                 0.3545,                0.83304,              0.0008613,              0.0008613,              0.0008613
                     56,                0.57415,                0.42975,                0.82762,                0.98325,                0.99234,                 0.9935,                0.86759,                 0.5572,                0.39229,                0.83295,              0.0008604,              0.0008604,              0.0008604
                     57,                0.56952,                0.43234,                0.82574,                0.98629,                0.98963,                0.99464,                0.87399,                0.54412,                0.37749,                0.82862,              0.0008595,              0.0008595,              0.0008595
                     58,                0.56534,                0.43505,                0.83009,                0.98788,                0.99016,                  0.995,                0.87892,                0.54535,                0.37897,                0.83093,             0.00085861,             0.00085861,             0.00085861
                     59,                0.56101,                0.42232,                0.83843,                0.98749,                0.99445,                0.99243,                0.88587,                 0.5316,                 0.3794,                0.82659,             0.00085771,             0.00085771,             0.00085771
                     60,                0.55242,                 0.4149,                0.82699,                0.98442,                0.99585,                0.99279,                0.89161,                0.54067,                0.36076,                0.82606,             0.00085681,             0.00085681,             0.00085681
                     61,                0.55631,                0.40103,                0.82439,                0.98503,                0.99545,                0.99279,                0.88541,                0.54116,                0.36047,                0.82508,             0.00085591,             0.00085591,             0.00085591
                     62,                0.55049,                0.41407,                0.83258,                0.98501,                 0.9968,                0.99393,                0.88118,                0.54049,                0.36835,                0.82884,             0.00085501,             0.00085501,             0.00085501
                     63,                0.56068,                0.40777,                0.82991,                0.98147,                0.99614,                0.99429,                0.88142,                0.53458,                0.35721,                0.82678,             0.00085411,             0.00085411,             0.00085411
                     64,                0.57382,                0.40895,                0.83359,                 0.9853,                0.99319,                0.99393,                0.89032,                0.53626,                0.36291,                0.82443,             0.00085321,             0.00085321,             0.00085321
                     65,                0.53563,                0.40229,                0.83747,                0.98731,                0.99409,                0.98979,                0.88518,                0.53401,                0.35723,                0.82579,             0.00085231,             0.00085231,             0.00085231
                     66,                0.55155,                0.41964,                0.82964,                0.98146,                0.99432,                0.98789,                0.87213,                0.55849,                0.36651,                0.83712,             0.00085141,             0.00085141,             0.00085141
                     67,                0.54602,                0.40172,                0.82743,                 0.9813,                      1,                0.99164,                0.87622,                0.55545,                0.36026,                0.82913,             0.00085051,             0.00085051,             0.00085051
                     68,                0.53932,                0.39589,                0.82865,                0.98762,                 0.9947,                0.99129,                0.88279,                0.52971,                0.34881,                0.82624,             0.00084961,             0.00084961,             0.00084961
                     69,                0.53755,                0.40177,                0.85448,                0.98756,                0.99665,                0.99464,                0.89314,                0.54006,                0.34622,                0.83196,             0.00084871,             0.00084871,             0.00084871
                     70,                0.55425,                0.39613,                0.83186,                0.98392,                 0.9991,                 0.9935,                0.88124,                0.55599,                0.35819,                0.83129,             0.00084781,             0.00084781,             0.00084781
                     71,                0.55628,                0.39668,                0.82268,                0.97893,                 0.9977,                0.99014,                0.88654,                0.53631,                0.34417,                0.82533,             0.00084691,             0.00084691,             0.00084691
                     72,                0.54118,                0.39468,                 0.8262,                0.98622,                0.99068,                0.99429,                0.89372,                0.52035,                0.33901,                0.82074,             0.00084601,             0.00084601,             0.00084601
                     73,                0.54998,                 0.3844,                0.83485,                0.98704,                0.99351,                  0.995,                0.89135,                0.50728,                0.33379,                0.81587,             0.00084511,             0.00084511,             0.00084511
                     74,                0.53604,                 0.3795,                0.83055,                0.98486,                0.99067,                0.99279,                0.89479,                0.52747,                  0.356,                 0.8188,             0.00084421,             0.00084421,             0.00084421
                     75,                0.53508,                0.38111,                0.83287,                0.98099,                0.99301,                  0.995,                0.88806,                0.53582,                0.33806,                0.81845,             0.00084331,             0.00084331,             0.00084331
                     76,                0.55122,                0.39384,                0.82847,                0.98583,                0.99727,                0.99464,                0.88735,                 0.5235,                0.33081,                0.82187,             0.00084241,             0.00084241,             0.00084241
                     77,                 0.5346,                0.37769,                0.82203,                0.98267,                0.99567,                0.99014,                0.88672,                0.51947,                0.33525,                0.82249,             0.00084151,             0.00084151,             0.00084151
                     78,                0.55245,                0.39416,                0.82145,                0.98584,                0.99369,                0.98979,                0.87991,                0.53399,                 0.3491,                0.82825,             0.00084061,             0.00084061,             0.00084061
                     79,                0.52331,                0.39975,                0.83558,                0.98769,                0.99465,                0.98979,                0.88368,                0.52108,                0.33621,                0.81947,             0.00083971,             0.00083971,             0.00083971
                     80,                0.53014,                0.37775,                0.82285,                0.98403,                0.99478,                 0.9935,                0.89356,                0.53253,                0.33983,                0.82113,             0.00083881,             0.00083881,             0.00083881
                     81,                0.52343,                0.36449,                0.83184,                0.98609,                0.99482,                0.99129,                0.88438,                0.51669,                0.32645,                0.81852,             0.00083791,             0.00083791,             0.00083791
                     82,                 0.5228,                0.37441,                 0.8241,                0.97745,                0.99653,                0.99464,                0.88294,                0.52226,                0.33349,                 0.8186,             0.00083701,             0.00083701,             0.00083701
                     83,                0.52744,                0.37191,                0.82736,                0.98529,                0.99422,                0.99464,                0.88509,                0.53368,                0.33995,                0.82355,             0.00083611,             0.00083611,             0.00083611
                     84,                0.53459,                0.37773,                0.82736,                0.98545,                0.99363,                0.99129,                0.87898,                0.53967,                0.34045,                0.82437,             0.00083521,             0.00083521,             0.00083521
                     85,                0.52584,                0.36394,                0.82464,                0.98676,                0.99869,                  0.992,                0.87902,                0.53759,                 0.3328,                0.82389,             0.00083431,             0.00083431,             0.00083431
                     86,                0.54122,                0.37701,                0.82982,                0.98382,                0.99812,                  0.995,                0.88433,                0.54085,                0.33706,                0.83176,             0.00083341,             0.00083341,             0.00083341
                     87,                0.54221,                0.38649,                0.82938,                0.98776,                      1,                0.99464,                0.88373,                0.52275,                0.32158,                0.81934,             0.00083251,             0.00083251,             0.00083251
                     88,                0.53616,                0.37516,                0.83428,                0.97377,                0.99973,                0.98969,                0.89138,                0.52106,                0.33567,                 0.8202,             0.00083161,             0.00083161,             0.00083161
                     89,                0.53042,                0.56318,                0.83081,                0.97105,                0.99878,                0.98827,                 0.8862,                0.53334,                 0.3478,                0.82729,             0.00083071,             0.00083071,             0.00083071
                     90,                0.52723,                0.36843,                0.81681,                0.97409,                0.98952,                 0.9898,                0.88115,                0.54297,                 0.3411,                0.83141,             0.00082981,             0.00082981,             0.00082981
                     91,                0.53511,                0.37577,                0.82948,                0.98673,                0.98934,                0.99429,                 0.8839,                 0.5542,                0.32065,                0.82881,             0.00082891,             0.00082891,             0.00082891
                     92,                 0.5336,                 0.3637,                0.81973,                0.98618,                 0.9955,                  0.989,                0.87088,                0.55909,                0.32974,                0.83939,             0.00082801,             0.00082801,             0.00082801
                     93,                0.52928,                0.37842,                0.83327,                0.98666,                      1,                 0.9935,                0.87605,                0.54815,                0.33139,                0.82905,             0.00082711,             0.00082711,             0.00082711
                     94,                0.54826,                0.38262,                0.83242,                0.98653,                0.99553,                0.99243,                0.88947,                  0.519,                0.31825,                0.81668,             0.00082621,             0.00082621,             0.00082621
                     95,                0.52367,                0.36183,                0.83227,                0.98711,                0.99975,                0.99279,                0.88828,                0.52184,                0.32669,                0.81908,             0.00082531,             0.00082531,             0.00082531
                     96,                0.51415,                0.35837,                0.83024,                0.98816,                0.99562,                0.99129,                0.88571,                0.52724,                 0.3229,                 0.8227,             0.00082441,             0.00082441,             0.00082441
                     97,                0.52574,                0.34738,                0.82106,                0.98251,                0.99538,                  0.992,                0.87907,                0.53214,                0.32112,                0.82508,             0.00082351,             0.00082351,             0.00082351
                     98,                0.52887,                0.35817,                0.82304,                0.97482,                 0.9976,                0.99093,                0.88608,                0.51393,                0.33785,                0.82024,             0.00082261,             0.00082261,             0.00082261
                     99,                0.53801,                 0.3594,                 0.8375,                0.97528,                0.99808,                0.98789,                0.89224,                0.50561,                0.32152,                0.81499,             0.00082171,             0.00082171,             0.00082171
                    100,                0.51664,                0.36984,                0.83514,                0.98638,                 0.9953,                0.99314,                0.88452,                0.52944,                0.31858,                0.82063,             0.00082081,             0.00082081,             0.00082081
                    101,                0.51147,                0.34619,                0.81999,                0.98561,                 0.9945,                  0.995,                0.89378,                0.53048,                0.32195,                0.82088,             0.00081991,             0.00081991,             0.00081991
                    102,                0.53271,                0.35953,                0.83172,                0.98673,                0.99491,                0.99464,                0.88367,                0.52761,                0.31565,                0.81955,             0.00081901,             0.00081901,             0.00081901
                    103,                 0.5525,                0.38424,                0.85254,                0.97668,                0.98797,                0.99077,                0.88352,                0.52405,                0.34304,                0.82923,             0.00081811,             0.00081811,             0.00081811
                    104,                0.52542,                0.35052,                0.82109,                0.98389,                0.99415,                0.99429,                0.89099,                0.52443,                0.31401,                0.82346,             0.00081721,             0.00081721,             0.00081721
                    105,                0.50161,                0.34272,                0.82037,                0.98337,                0.99367,                0.99014,                0.88288,                0.53497,                0.30743,                0.82567,             0.00081631,             0.00081631,             0.00081631
                    106,                0.52353,                0.34261,                0.82519,                 0.9871,                  0.995,                0.99429,                 0.8863,                0.53334,                0.30712,                0.82321,             0.00081541,             0.00081541,             0.00081541
                    107,                0.52298,                0.35262,                0.81871,                0.98767,                0.99459,                0.98943,                0.87533,                0.54695,                0.31961,                0.83239,             0.00081451,             0.00081451,             0.00081451
                    108,                0.49353,                0.33517,                0.81757,                 0.9873,                0.99617,                0.98829,                0.87802,                0.51848,                0.31496,                0.82001,             0.00081361,             0.00081361,             0.00081361
                    109,                0.49749,                0.33905,                0.82585,                0.98822,                0.99705,                0.98864,                0.88346,                0.52183,                0.30299,                0.82074,             0.00081271,             0.00081271,             0.00081271
                    110,                0.50717,                0.35988,                0.81955,                0.98534,                0.99996,                0.99429,                0.89482,                0.51255,                0.31647,                 0.8169,             0.00081181,             0.00081181,             0.00081181
                    111,                0.51395,                0.35335,                  0.825,                0.99256,                0.99912,                  0.995,                0.88736,                0.53319,                0.31362,                0.82263,             0.00081091,             0.00081091,             0.00081091
                    112,                0.52293,                0.34468,                0.82645,                0.98878,                      1,                  0.995,                0.88671,                0.51841,                0.31138,                0.81958,             0.00081001,             0.00081001,             0.00081001
                    113,                0.50327,                0.34362,                0.82432,                0.99055,                 0.9917,                  0.995,                0.87761,                0.54176,                0.30623,                0.82743,             0.00080911,             0.00080911,             0.00080911
                    114,                  0.516,                 0.3475,                0.81525,                0.98984,                0.99748,                  0.995,                0.88637,                0.52239,                0.30535,                0.81887,             0.00080821,             0.00080821,             0.00080821
                    115,                0.50889,                0.33655,                0.82568,                0.98336,                0.99883,                0.99464,                0.89339,                0.52281,                0.31173,                0.81825,             0.00080731,             0.00080731,             0.00080731
                    116,                0.50069,                0.33621,                0.81236,                0.98304,                0.99118,                  0.995,                0.89269,                0.52579,                0.31118,                0.82105,             0.00080641,             0.00080641,             0.00080641
                    117,                0.49545,                0.32778,                0.82043,                0.98967,                0.98795,                  0.995,                0.88574,                0.52584,                0.30496,                0.82389,             0.00080551,             0.00080551,             0.00080551
                    118,                0.50787,                0.33733,                0.81603,                0.98848,                 0.9954,                  0.995,                0.89325,                0.51949,                0.30474,                0.81953,             0.00080461,             0.00080461,             0.00080461
                    119,                0.53134,                0.34023,                0.83855,                0.98642,                 0.9942,                  0.995,                0.89241,                0.51496,                0.30087,                0.81611,             0.00080371,             0.00080371,             0.00080371
                    120,                0.50855,                0.32802,                0.82523,                0.99398,                 0.9942,                  0.995,                0.89572,                 0.5209,                0.29741,                0.82115,             0.00080281,             0.00080281,             0.00080281
                    121,                0.50717,                0.32522,                0.82015,                0.98854,                0.99385,                0.99393,                 0.8945,                0.51535,                0.29526,                0.81862,             0.00080191,             0.00080191,             0.00080191
                    122,                0.51787,                 0.3303,                0.81676,                 0.9884,                0.99487,                0.99393,                0.89821,                0.52707,                 0.3029,                0.82349,             0.00080101,             0.00080101,             0.00080101
                    123,                0.50918,                0.33923,                0.82831,                0.98877,                0.99492,                  0.995,                0.88905,                0.51649,                0.29719,                0.82075,             0.00080011,             0.00080011,             0.00080011
                    124,                0.51108,                0.33527,                0.82852,                0.98863,                0.99433,                0.98829,                0.87771,                0.53763,                0.30922,                0.82568,             0.00079921,             0.00079921,             0.00079921
                    125,                0.49531,                0.33876,                  0.823,                0.98811,                0.99568,                  0.989,                0.88503,                0.53314,                0.30257,                0.82467,             0.00079831,             0.00079831,             0.00079831
                    126,                0.51061,                 0.3222,                0.82338,                0.98652,                0.99471,                0.98789,                0.88323,                0.52104,                0.31271,                0.82345,             0.00079741,             0.00079741,             0.00079741
                    127,                0.52071,                0.41318,                0.83724,                0.98425,                      1,                0.98864,                0.88858,                0.52219,                0.30369,                0.82007,             0.00079651,             0.00079651,             0.00079651
                    128,                0.50105,                0.32685,                0.82901,                0.98583,                0.99598,                  0.989,                0.88891,                0.51293,                0.29257,                0.81851,             0.00079561,             0.00079561,             0.00079561
                    129,                0.48992,                0.32332,                 0.8211,                0.98493,                0.99589,                0.98864,                0.88069,                0.51933,                0.30844,                0.81897,             0.00079471,             0.00079471,             0.00079471
                    130,                0.52612,                0.34519,                0.84674,                 0.9867,                0.99638,                0.99093,                0.88808,                0.52813,                0.30908,                0.82025,             0.00079381,             0.00079381,             0.00079381
                    131,                0.50873,                0.33287,                0.81404,                0.98882,                0.99477,                  0.995,                0.89621,                 0.5249,                 0.2979,                0.81969,             0.00079291,             0.00079291,             0.00079291
                    132,                0.48351,                0.32375,                0.81311,                0.98779,                 0.9955,                0.99429,                 0.8953,                0.52536,                0.29563,                0.81654,             0.00079201,             0.00079201,             0.00079201
                    133,                0.48885,                0.31911,                0.81822,                0.96854,                0.99425,                0.98938,                0.89035,                0.50906,                0.30572,                0.81717,             0.00079111,             0.00079111,             0.00079111
                    134,                0.50945,                0.33221,                0.82561,                0.98405,                 0.9943,                  0.992,                0.89229,                0.52705,                 0.3135,                0.82159,             0.00079021,             0.00079021,             0.00079021
                    135,                0.48413,                0.32051,                0.81046,                 0.9839,                 0.9953,                 0.9935,                0.89973,                0.52355,                0.31161,                0.81904,             0.00078931,             0.00078931,             0.00078931
                    136,                0.49438,                0.32033,                0.81343,                0.98343,                0.99796,                  0.992,                0.88732,                0.54481,                0.30115,                0.82439,             0.00078841,             0.00078841,             0.00078841
                    137,                 0.5047,                0.31808,                0.82678,                0.98469,                0.99161,                0.99243,                0.88734,                0.52403,                0.29736,                0.82148,             0.00078751,             0.00078751,             0.00078751
                    138,                0.48889,                0.31847,                0.81859,                0.97807,                0.98973,                0.99464,                0.89659,                0.51235,                0.30383,                0.81814,             0.00078661,             0.00078661,             0.00078661
                    139,                0.48108,                0.31376,                0.81986,                0.97533,                0.99325,                0.99324,                0.89999,                0.51345,                0.30795,                 0.8208,             0.00078571,             0.00078571,             0.00078571
                    140,                0.47133,                 0.3147,                0.82174,                0.97971,                0.98813,                 0.9858,                0.88664,                0.53164,                 0.3195,                0.82399,             0.00078481,             0.00078481,             0.00078481
                    141,                0.47983,                0.31689,                0.82233,                0.98212,                0.98998,                0.99106,                0.87838,                0.54607,                0.30518,                0.82868,             0.00078391,             0.00078391,             0.00078391
                    142,                0.50718,                0.32183,                0.82424,                0.97363,                 0.9932,                0.98959,                0.87242,                0.56045,                0.32165,                0.83327,             0.00078301,             0.00078301,             0.00078301
                    143,                0.50097,                0.31983,                0.82562,                 0.9854,                 0.9874,                0.99429,                0.88441,                0.54548,                0.30837,                0.82759,             0.00078211,             0.00078211,             0.00078211
                    144,                0.48634,                0.30642,                0.81864,                0.98539,                0.98795,                  0.992,                0.88989,                 0.5246,                0.31092,                0.82047,             0.00078121,             0.00078121,             0.00078121
                    145,                0.51743,                0.32129,                0.82633,                0.98605,                0.98865,                0.99279,                0.88785,                0.52478,                0.30642,                0.82642,             0.00078031,             0.00078031,             0.00078031
                    146,                0.52862,                0.39341,                 0.8592,                0.97496,                 0.9903,                0.99129,                0.88499,                0.54589,                0.31885,                0.82472,             0.00077941,             0.00077941,             0.00077941
                    147,                0.48485,                 0.3153,                0.82325,                0.98574,                0.98903,                 0.9935,                0.89634,                0.51045,                 0.2931,                0.81446,             0.00077851,             0.00077851,             0.00077851
                    148,                0.48379,                 0.3171,                0.81795,                0.98728,                0.99591,                 0.9935,                 0.8948,                0.52397,                0.29589,                0.82204,             0.00077761,             0.00077761,             0.00077761
                    149,                0.49143,                0.31213,                0.81783,                 0.9874,                 0.9965,                  0.995,                0.89971,                0.52211,                0.28853,                0.81949,             0.00077671,             0.00077671,             0.00077671
                    150,                0.47925,                0.30595,                0.81603,                0.98945,                  0.995,                0.99429,                0.88702,                 0.5162,                0.28456,                0.81682,             0.00077581,             0.00077581,             0.00077581
                    151,                0.48592,                0.30926,                0.82523,                0.98612,                0.99567,                0.98943,                0.88983,                0.51118,                0.28767,                0.81546,             0.00077491,             0.00077491,             0.00077491
                    152,                0.46552,                 0.3094,                0.82071,                0.98482,                0.99177,                0.99393,                0.89178,                0.52936,                0.28786,                0.81739,             0.00077401,             0.00077401,             0.00077401
                    153,                0.49628,                0.31538,                0.81266,                0.98345,                0.99267,                0.99393,                0.88862,                0.53217,                0.28849,                0.82293,             0.00077311,             0.00077311,             0.00077311
                    154,                0.50795,                0.31886,                0.83266,                0.98693,                0.99563,                  0.995,                0.89502,                 0.5335,                0.29122,                0.82147,             0.00077221,             0.00077221,             0.00077221
                    155,                0.48508,                0.30705,                0.81915,                 0.9864,                0.99551,                0.98943,                0.89455,                0.51504,                0.28633,                0.81677,             0.00077131,             0.00077131,             0.00077131
                    156,                0.47371,                0.29901,                0.80955,                0.98631,                0.99934,                0.98979,                0.89276,                 0.5028,                0.27244,                0.80992,             0.00077041,             0.00077041,             0.00077041
                    157,                0.48526,                0.30175,                0.81815,                0.98242,                0.99818,                 0.9905,                0.89566,                0.50666,                0.27541,                 0.8111,             0.00076951,             0.00076951,             0.00076951
                    158,                 0.4763,                0.31295,                 0.8227,                0.98043,                0.99694,                  0.995,                0.90177,                0.50233,                0.28442,                0.81463,             0.00076861,             0.00076861,             0.00076861
                    159,                0.47428,                0.30301,                0.81429,                0.98714,                0.99853,                  0.995,                0.89954,                0.50207,                0.27763,                0.81261,             0.00076771,             0.00076771,             0.00076771
                    160,                0.51147,                0.32368,                0.83779,                0.98833,                 0.9947,                  0.995,                0.89512,                0.50342,                0.27845,                  0.812,             0.00076681,             0.00076681,             0.00076681
                    161,                0.47294,                0.30268,                0.81046,                0.98615,                0.99419,                0.99314,                0.90029,                0.49804,                0.27498,                0.81008,             0.00076591,             0.00076591,             0.00076591
                    162,                0.48749,                0.30715,                0.82183,                0.98865,                0.99681,                0.99014,                0.88774,                0.52115,                0.28509,                0.81648,             0.00076501,             0.00076501,             0.00076501
                    163,                0.46996,                0.29741,                 0.8137,                0.98873,                0.99576,                0.99129,                0.90115,                 0.5119,                0.27959,                 0.8141,             0.00076411,             0.00076411,             0.00076411
                    164,                0.45943,                0.29266,                0.81805,                0.98785,                0.99539,                0.99393,                0.89881,                  0.523,                0.27329,                0.81558,             0.00076321,             0.00076321,             0.00076321
                    165,                 0.4785,                 0.3001,                0.82067,                0.98633,                0.99582,                  0.995,                0.89892,                 0.5242,                0.27476,                0.82141,             0.00076231,             0.00076231,             0.00076231
                    166,                0.47876,                0.30149,                0.81322,                0.98824,                0.99404,                0.99464,                0.90014,                0.51572,                0.28719,                0.81982,             0.00076141,             0.00076141,             0.00076141
                    167,                0.46966,                0.30533,                0.81033,                0.98853,                0.99427,                  0.995,                0.89627,                0.50924,                0.27848,                0.81539,             0.00076051,             0.00076051,             0.00076051
                    168,                0.46974,                0.30118,                0.81818,                0.98849,                0.99115,                0.99429,                 0.8894,                0.52281,                0.29677,                0.82602,             0.00075961,             0.00075961,             0.00075961
                    169,                0.45675,                0.29473,                0.81324,                0.98241,                0.99073,                  0.995,                0.89528,                0.51097,                0.29026,                0.81904,             0.00075872,             0.00075872,             0.00075872
                    170,                0.48258,                0.30346,                0.81644,                0.98755,                0.99108,                  0.995,                0.88793,                0.53292,                0.28692,                0.82183,             0.00075782,             0.00075782,             0.00075782
                    171,                0.48253,                0.30558,                0.81439,                0.98346,                0.99607,                0.99164,                0.88777,                0.53553,                0.28719,                0.82592,             0.00075692,             0.00075692,             0.00075692
                    172,                0.46386,                0.29962,                 0.8145,                0.97844,                 0.9965,                0.99023,                0.88698,                0.53313,                 0.2887,                 0.8235,             0.00075602,             0.00075602,             0.00075602
                    173,                0.47505,                0.30015,                0.81699,                0.97936,                0.99404,                 0.9898,                0.88282,                0.54088,                0.30465,                0.82365,             0.00075512,             0.00075512,             0.00075512
                    174,                0.48047,                0.30463,                0.81706,                 0.9872,                0.99532,                0.99243,                0.88833,                0.54097,                0.30913,                0.83441,             0.00075422,             0.00075422,             0.00075422
                    175,                 0.4674,                0.30511,                0.81184,                0.98401,                0.99544,                0.99164,                0.88481,                0.53458,                0.30266,                0.82716,             0.00075332,             0.00075332,             0.00075332
                    176,                0.46414,                0.29991,                0.80316,                0.98886,                0.99397,                0.99464,                0.88894,                0.53895,                0.29407,                0.82677,             0.00075242,             0.00075242,             0.00075242
                    177,                0.45252,                0.29946,                0.81052,                  0.987,                0.99413,                0.99429,                0.89195,                0.53496,                0.29635,                0.82748,             0.00075152,             0.00075152,             0.00075152
                    178,                0.46809,                0.30803,                0.81349,                0.98099,                0.98528,                  0.992,                0.88658,                0.52911,                 0.2955,                0.82422,             0.00075062,             0.00075062,             0.00075062
                    179,                0.45685,                0.29455,                0.82194,                0.98919,                0.98911,                0.98943,                0.88064,                 0.5315,                0.28588,                0.82396,             0.00074972,             0.00074972,             0.00074972
                    180,                 0.4762,                0.29289,                0.81861,                0.98687,                0.99166,                0.98789,                0.87862,                0.53378,                0.27766,                 0.8207,             0.00074882,             0.00074882,             0.00074882
                    181,                0.47414,                0.29628,                0.81991,                0.98917,                0.99493,                0.98789,                0.88695,                 0.5452,                0.28614,                0.82719,             0.00074792,             0.00074792,             0.00074792
                    182,                0.47536,                0.30342,                0.81409,                0.98678,                0.99696,                0.99129,                 0.8969,                0.51794,                0.27274,                0.82101,             0.00074702,             0.00074702,             0.00074702
                    183,                 0.4795,                0.29537,                0.81866,                0.98735,                0.99623,                0.98979,                0.88903,                0.53949,                0.29579,                0.82345,             0.00074612,             0.00074612,             0.00074612
                    184,                0.46283,                0.29844,                0.81343,                0.98572,                0.99355,                0.98979,                0.88613,                0.53452,                 0.2942,                0.82364,             0.00074522,             0.00074522,             0.00074522
                    185,                0.46568,                0.29682,                0.82014,                0.98511,                0.99099,                0.99393,                0.89136,                0.52609,                0.28529,                0.82143,             0.00074432,             0.00074432,             0.00074432
                    186,                0.47088,                0.29177,                0.81354,                0.98583,                0.99584,                0.99464,                0.88842,                0.54409,                0.27921,                 0.8243,             0.00074342,             0.00074342,             0.00074342
                    187,                0.46635,                0.29451,                0.80779,                0.98213,                      1,                0.99164,                0.88375,                0.54154,                0.28451,                0.82506,             0.00074252,             0.00074252,             0.00074252
                    188,                0.43409,                 0.4452,                0.75817,                 0.9827,                      1,                0.99279,                0.89259,                0.53038,                0.28927,                0.82001,             0.00074162,             0.00074162,             0.00074162
                    189,                0.45223,                0.29482,                0.81205,                0.97678,                0.99487,                0.99438,                0.89292,                0.52162,                0.28504,                0.82178,             0.00074072,             0.00074072,             0.00074072
                    190,                0.46585,                0.31026,                0.81148,                 0.9751,                0.99241,                0.98852,                0.88701,                0.52127,                0.29955,                0.82522,             0.00073982,             0.00073982,             0.00073982
                    191,                0.47476,                0.30272,                0.81551,                0.97598,                0.98872,                0.98483,                0.89671,                0.51369,                0.29595,                 0.8195,             0.00073892,             0.00073892,             0.00073892
                    192,                0.45743,                0.29833,                0.81073,                0.97607,                0.98865,                0.98917,                 0.8894,                0.51965,                0.28988,                0.81774,             0.00073802,             0.00073802,             0.00073802
                    193,                0.45424,                0.29307,                0.81069,                0.98291,                0.98893,                0.99429,                0.88799,                0.53537,                0.29208,                0.83081,             0.00073712,             0.00073712,             0.00073712
                    194,                0.46915,                0.30171,                0.81143,                0.98314,                 0.9875,                0.99404,                0.89273,                 0.5248,                0.29517,                0.82104,             0.00073622,             0.00073622,             0.00073622
                    195,                0.46024,                0.30017,                0.81287,                0.98167,                0.98393,                0.99404,                0.89281,                0.51594,                0.29486,                0.82091,             0.00073532,             0.00073532,             0.00073532
                    196,                0.47169,                0.30723,                0.81284,                0.98178,                0.98803,                0.99464,                0.89096,                0.52538,                0.29147,                 0.8238,             0.00073442,             0.00073442,             0.00073442
                    197,                0.48481,                0.29917,                0.82471,                0.98339,                0.98818,                0.99014,                0.88995,                 0.5344,                0.29643,                0.82258,             0.00073352,             0.00073352,             0.00073352
                    198,                 0.4688,                0.29383,                 0.8157,                0.98718,                0.98975,                0.99429,                0.89013,                0.53944,                0.29343,                0.82461,             0.00073262,             0.00073262,             0.00073262
                    199,                0.46877,                0.32078,                0.81719,                0.98698,                0.99564,                0.99464,                 0.8952,                0.53363,                0.28083,                0.82288,             0.00073172,             0.00073172,             0.00073172
                    200,                0.45702,                0.28739,                0.81555,                0.98842,                0.99617,                0.99164,                0.88911,                0.53309,                0.28446,                0.82615,             0.00073082,             0.00073082,             0.00073082
                    201,                0.47133,                0.29436,                0.81007,                0.98534,                0.99549,                  0.995,                0.89381,                0.53683,                0.28255,                 0.8258,             0.00072992,             0.00072992,             0.00072992
                    202,                0.46834,                0.30397,                0.81219,                0.98433,                0.99618,                0.99464,                0.89274,                0.54353,                0.29143,                0.82374,             0.00072902,             0.00072902,             0.00072902
                    203,                0.46737,                0.29942,                0.81419,                0.98521,                0.99591,                0.99314,                0.89357,                0.53221,                0.28088,                0.82111,             0.00072812,             0.00072812,             0.00072812
                    204,                0.46554,                0.28953,                0.81476,                0.98541,                0.98095,                0.99464,                0.89623,                0.53846,                0.30159,                0.82348,             0.00072722,             0.00072722,             0.00072722
                    205,                0.46899,                0.29485,                0.80831,                0.98189,                0.98315,                  0.995,                0.89684,                0.52729,                0.29164,                0.82044,             0.00072632,             0.00072632,             0.00072632
                    206,                 0.4508,                0.29405,                0.81761,                0.98048,                0.98378,                0.99403,                 0.8964,                0.53149,                0.29871,                0.82053,             0.00072542,             0.00072542,             0.00072542
                    207,                0.46672,                0.29216,                0.80767,                0.98831,                0.98872,                  0.995,                0.89312,                0.53783,                0.28186,                0.82226,             0.00072452,             0.00072452,             0.00072452
                    208,                0.46818,                 0.2868,                0.81832,                0.98833,                0.99457,                0.99429,                0.89475,                0.52543,                0.27042,                 0.8177,             0.00072362,             0.00072362,             0.00072362
